n_estimators,max_depth,learning_rate,subsample,colsample_bytree,reg_lambda,reg_alpha,min_child_weight,random_state
186,7,0.022800530915496452,0.6361130233366308,0.6746462278687716,53.097906339383755,0.0012130164164377575,1,42
